lat,lon,sea_surface_temperature,chlorophyll,turbidity,date,breeding_probability
9.872700594236813,84.67320570000287,25.481063430708957,2.6435007471674687,4.663879572302683,2026-02-28 21:03:53.995859,0.8522176612047752
12.75357153204958,81.04690977246781,28.335207579026864,2.447991200385682,4.457703187007997,2026-02-24 21:03:53.995859,0.9708535529682093
11.659969709057025,81.55058664161498,30.983566687011265,0.2256461224515349,13.687564127294515,2026-02-24 21:03:53.995859,0.4448142392629688
10.993292420985183,86.34060222542601,29.85779909127649,1.7721143553681664,4.493646797893085,2026-02-13 21:03:53.995859,1.0
8.780093202212182,84.44178888778734,30.452489182891597,1.9629585320507,4.8072961658008335,2026-02-16 21:03:53.995859,0.8241817180435417
8.779972601681013,80.55978083550809,29.27026693368574,2.0542316263948126,11.631575673851492,2026-02-22 21:03:53.995859,0.8857320574029767
8.290418060840997,81.1595650286292,29.53821251614282,2.9428446092139287,7.29635779430756,2026-02-12 21:03:53.995859,1.0
12.330880728874675,84.81276149920237,30.793565212522555,2.7146524789617046,11.873947797372537,2026-02-25 21:03:53.995859,0.6093719281950253
11.005575058716044,80.53290029500042,25.99734407087349,3.078734954687879,1.9151262059013934,2026-02-18 21:03:53.995859,0.6110615870845557
11.540362888980226,81.54525233421374,27.915399709145124,3.847927981556429,7.82599671142738,2026-02-17 21:03:53.995859,0.991719588702768
8.102922471479012,84.06676963088282,25.769675534556818,4.083630119708858,1.4705904025659569,2026-03-01 21:03:53.995859,0.5471748926725235
12.849549260809972,84.9973187850025,31.901344063973177,3.618803073509823,1.8771448483749633,2026-02-22 21:03:53.995859,0.7477923161470021
12.162213204002109,84.73774818676691,31.552474717492906,4.78206611017918,13.690124346821753,2026-02-26 21:03:53.995859,0.456266675307133
9.061695553391381,81.95775051149364,24.315414490948047,0.189339655114172,2.9494351956463323,2026-02-26 21:03:53.995859,0.6345349345355913
8.909124836035502,85.12916493875898,29.644601380125508,1.059312129849376,8.45388955185304,2026-02-26 21:03:53.995859,0.7698697958046938
8.91702254926717,82.0421190687292,31.40198653932533,0.1370580873928964,6.755338436409891,2026-02-10 21:03:53.995859,0.4823998126107342
9.521211214797688,82.61509803803524,25.44460276101867,3.272626099357555,5.862806567623798,2026-02-17 21:03:53.995859,0.8989962738650187
10.62378215816119,85.35219413326716,28.543561844421035,4.500349689854936,13.597666839621814,2026-02-28 21:03:53.995859,0.6654465321507825
10.159725093210579,84.7226138438069,31.323906380704337,1.2930632532238666,1.305527554856853,2026-02-15 21:03:53.995859,0.5133716592818158
9.45614570099021,86.01995216821216,24.27156782868639,4.642469269501903,10.293055606458248,2026-02-12 21:03:53.995859,0.4918227528939053
11.059264473611897,84.77448379995224,29.57936213797472,0.39531021241884823,14.487522078989706,2026-03-08 21:03:53.995859,0.47677866279620784
8.69746930326021,84.19400592168057,26.378792058980405,4.67873653134702,8.842354568465787,2026-02-14 21:03:53.995859,0.7623077293506708
9.46072324267609,81.1088859908826,31.395169563012242,1.822951167474209,14.115514468463285,2026-02-22 21:03:53.995859,0.5996472000998547
9.831809216468459,82.89015271988632,31.768465961322942,0.596962059401161,1.7316103100043327,2026-02-24 21:03:53.995859,0.4113348139997166
10.280349921085179,82.22381538993122,31.554131912907472,2.480771620012996,6.86310646703826,2026-02-23 21:03:53.995859,0.8906040042357799
11.925879806965067,82.08593268196404,27.79371373325971,1.358205181830489,4.642209073468717,2026-03-10 21:03:53.995859,0.8645079433464107
8.998368910791799,86.8245686058909,30.896341207914507,1.495877219613422,11.231493509730218,2026-03-04 21:03:53.995859,0.4038234958939877
10.571172192068058,83.05513521033394,30.756395188280564,1.6057208281388045,14.738159266961453,2026-02-25 21:03:53.995859,0.5917926958754598
10.962072844310212,86.29830260865124,26.552803785946047,4.034826899380051,4.5914208742194695,2026-02-27 21:03:53.995859,0.9438774809145345
8.232252063599988,84.6024010689822,30.631323793205418,2.7418902557087472,10.158444420637043,2026-03-03 21:03:53.995859,0.535219094266119
11.037724259507192,85.66627347302071,24.29606107772394,1.6254077258644182,3.773366858636362,2026-03-10 21:03:53.995859,0.7427914077376474
8.852620618436458,83.76714110518375,28.770159027856423,3.0906355382235002,8.91462356400254,2026-03-03 21:03:53.995859,0.7776059135514167
8.325257964926397,84.24987525007134,25.840070698301624,3.6091383036936486,7.495054813636707,2026-02-20 21:03:53.995859,0.7028380098791535
12.744427686266667,83.70136500982261,24.96453508621823,1.4358576035943156,14.608074614841518,2026-02-12 21:03:53.995859,0.5258783253917025
12.828160165372797,81.76907942068729,24.61562561303367,2.1263905974742228,9.519381817750531,2026-03-03 21:03:53.995859,0.7214245213685913
12.041986740582306,85.19593874919978,29.570310207025116,0.697241857351043,5.8930892092154625,2026-02-19 21:03:53.995859,0.7260082112903916
9.523068845866852,82.32502035586556,26.71899971014453,0.9876318127199336,2.597340988431067,2026-02-19 21:03:53.995859,0.8996622314455145
8.488360570031919,80.65805378180445,29.798134172230093,3.437477484428416,3.117455602289084,2026-03-11 21:03:53.995859,0.979041185261994
11.421165132560784,84.69556992339659,24.52285072639154,0.9890479037085721,4.1544370193172915,2026-03-02 21:03:53.995859,0.7505793591995655
10.200762468698006,81.65121941614582,26.522322702644882,2.673300579968595,4.513533258764172,2026-02-25 21:03:53.995859,1.0
8.610191174223894,86.61298079829395,28.315930339002698,3.5743266824399207,12.90862480977593,2026-02-21 21:03:53.995859,0.7785587551618687
10.475884550556351,86.70053575051682,30.32578531871171,0.6236969231642449,8.85711903595535,2026-02-11 21:03:53.995859,0.5008443812681735
8.171942605576092,86.44661853643291,26.55002002345656,2.8798298761816277,8.32747275924113,2026-02-18 21:03:53.995859,0.9296178083394933
12.546602010393912,82.90603155166039,29.00713101149607,1.3571576401366827,2.6067642061690446,2026-03-05 21:03:53.995859,0.8219999874343579
9.293899908000085,80.60046800743764,31.087821985889498,4.818341688664141,13.04195570689209,2026-02-12 21:03:53.995859,0.4064079657802212
11.31261142176991,86.53407065682022,28.926905505458436,2.4693736689276315,11.119400244918772,2026-03-05 21:03:53.995859,0.7916469300785668
9.558555380447055,83.28319696406254,25.86367579802907,4.049363493898275,1.9473570666000222,2026-03-11 21:03:53.995859,0.5912697681228813
10.600340105889053,86.78325632378385,24.195206252452305,2.796110056565683,10.909691361216762,2026-03-06 21:03:53.995859,0.6920335569457492
10.733551396716399,86.76352985108014,30.96079099120744,0.31272141098861395,8.609535042797045,2026-03-11 21:03:53.995859,0.4827158137733145
8.924272277627635,86.04456146053784,24.170155286803098,3.20244174041071,2.1441548404548953,2026-02-24 21:03:53.995859,0.8710413970036741
12.847923138822793,82.4139177984523,30.997613381473595,4.761876376812619,7.416208981401191,2026-02-12 21:03:53.995859,0.6806128612341034
11.875664116805574,83.00313523591251,28.231497072217696,3.047897918717023,7.785748019820658,2026-02-28 21:03:53.995859,1.0
12.697494707820946,86.03238836485957,31.51254158810317,4.114025411191272,3.3208435622858605,2026-02-27 21:03:53.995859,0.7168841716006835
12.474136752138243,82.55999303351581,30.390265886189322,4.432611670407198,14.239774058003952,2026-02-17 21:03:53.995859,0.435397108385256
10.989499894055426,81.6017028534596,31.9834728842667,1.2175908825497692,12.899655200729267,2026-03-07 21:03:53.995859,0.4703980604241442
12.609371175115584,84.11920820597928,26.80569452361368,1.1390197155503108,10.366312722607516,2026-02-26 21:03:53.995859,0.720950624397939
8.442462510259597,86.58500603204507,30.137506311449016,3.0938068453698597,7.472137854008501,2026-02-17 21:03:53.995859,0.7092113468379913
8.979914312095726,85.02419367838732,27.215447308873937,2.1140395020528535,6.764717582183119,2026-02-16 21:03:53.995859,1.0
8.22613644455269,84.20539760558087,27.83900496243127,4.2153203840469295,10.113628540113359,2026-03-11 21:03:53.995859,0.5955776248098047
9.626651653816321,81.13164720950999,29.02004370574696,4.510113304650255,8.636046171696677,2026-02-16 21:03:53.995859,0.7379367234242877
9.94338644844741,84.4975469735446,30.98941691349071,1.831764758583319,1.8718234823463986,2026-02-12 21:03:53.995859,0.7366550879111876
9.35674515886948,86.9353500256777,31.87266775359436,1.2606657389749623,8.175037082784645,2026-02-10 21:03:53.995859,0.485764215631339
12.143687545759647,81.4105460990374,30.146187310916147,3.9245750246949234,12.289650641259753,2026-02-13 21:03:53.995859,0.5491614878612306
9.783766633467947,83.86914274036428,27.34213425733867,1.4465495741858672,7.429358286357413,2026-03-06 21:03:53.995859,0.8405528796924504
9.404672548436904,86.20292496753171,27.37085601821656,4.130810160717024,1.7273920857597578,2026-02-14 21:03:53.995859,0.8139285595155269
10.713480415791242,85.31499601540233,29.90065841271113,2.176317442878938,12.007894791376463,2026-02-10 21:03:53.995859,0.7000885562874416
8.704621124873814,85.03060231646924,25.910217166146417,3.3709945065282056,3.8190929499036415,2026-02-24 21:03:53.995859,0.8802766193283871
12.010984903770199,85.06614654591621,24.88379290505116,0.5681230377898742,4.620691688432543,2026-02-14 21:03:53.995859,0.4857614049283215
8.372753218398854,82.83669248292841,26.83697726112621,3.156910690915208,3.3058889480521425,2026-02-22 21:03:53.995859,1.0
12.934434683002586,82.40834698771921,26.297911933232655,2.313661625812423,5.623010908200966,2026-02-17 21:03:53.995859,1.0
11.861223846483288,85.76084751061033,26.37046496364792,2.974381469559823,11.59452107964089,2026-02-17 21:03:53.995859,0.7989350379182567
8.993578407670862,85.76573706541467,25.86886200839928,0.9232696179498308,8.271402033055123,2026-02-14 21:03:53.995859,0.5375440495625257
8.027610585618012,86.13597007077067,24.336745517090897,3.710681350226493,3.8683378381099756,2026-03-09 21:03:53.995859,0.7963098680551709
12.07730714227417,86.43606359161706,24.142991477867312,4.32770567996182,13.289621094128572,2026-02-18 21:03:53.995859,0.48708872913190454
11.534286719238086,83.82372559259609,31.901779117888253,1.1620250204448008,13.314145969321409,2026-02-10 21:03:53.995859,0.3781443404469862
11.645035840204937,83.7598559154668,27.4221850698869,0.5690013220487925,13.188097950644096,2026-02-13 21:03:53.995859,0.46152358966831336
11.85635173342973,85.68891866328404,27.074613177277453,0.21582907162704834,4.34314695934155,2026-02-12 21:03:53.995859,0.6665405856831798
8.370223258670451,84.72476555005548,29.43717826154456,3.2456603521720035,7.317350818533834,2026-02-11 21:03:53.995859,0.9888730698483029
9.792328642721364,85.06278470217507,25.74603110292051,3.074760776835026,14.78985518597225,2026-02-17 21:03:53.995859,0.5551095878438967
8.579345297625649,85.67265235133466,31.599689471601803,2.778817322298943,11.808174668339865,2026-03-04 21:03:53.995859,0.6244079124741988
12.315517129377968,86.28503472181418,30.290760115324417,1.2365407709682796,1.3803438971578375,2026-02-18 21:03:53.995859,0.6334884578749558
11.11649063413779,82.69696851953498,24.715288018498075,2.015439379937022,1.9128642776468887,2026-02-11 21:03:53.995859,0.6522646346152933
9.654490124263246,82.94128919215963,27.340646206279427,3.0129340424122484,7.495039275372658,2026-02-23 21:03:53.995859,1.0
8.317791751430118,81.11088260896565,31.032946460497318,2.5341576084099304,13.729082882061842,2026-02-23 21:03:53.995859,0.5831207791814672
9.554911608578312,84.25882091647513,31.55785617833128,4.940149049052947,8.541825171338,2026-02-13 21:03:53.995859,0.604454333544372
9.625916610133736,80.73362477967882,27.739212089998958,0.7685547875279923,7.969375112480063,2026-03-11 21:03:53.995859,0.8354472806924477
11.64803089169032,83.52638711786099,28.907291113685663,3.5062083148332097,2.476631799392828,2026-02-15 21:03:53.995859,1.0
11.187787356776067,84.02719012559925,25.336271568736603,2.0811619637110317,10.194921466140116,2026-02-20 21:03:53.995859,0.6948744477358516
12.436063712881634,82.36251813883385,31.929349009095812,2.1981781131355125,12.509444248403156,2026-02-12 21:03:53.995859,0.5055038370280831
10.361074625809746,84.34041619369857,25.853373611067546,3.616229051725064,6.325880105105872,2026-02-17 21:03:53.995859,0.8679632324291062
8.597971229691508,80.69825162460383,31.541854193081004,3.4929371414894117,11.858565912954585,2026-02-12 21:03:53.995859,0.6503544346078187
11.566223936114975,80.7427632268699,29.197173191938948,4.9571543691407225,14.502673154611362,2026-02-23 21:03:53.995859,0.605738881880073
11.803925243084487,85.84690364428778,28.861894359030874,0.7291320183252137,3.8527304277876473,2026-03-09 21:03:53.995859,0.8462640186775056
10.80638598784748,82.8412391691732,28.101508088132068,0.610137281982415,8.326614836726378,2026-02-22 21:03:53.995859,0.5596355856459891
11.854835899772805,81.32589333223726,25.84535849374207,3.649260203930832,5.019931413184057,2026-02-22 21:03:53.995859,0.8359099854267817
10.468977981821954,83.89458119035623,25.412224256044066,2.934095893331405,12.099961866473752,2026-02-11 21:03:53.995859,0.5449780433631826
10.61366414690997,85.50495809514098,25.763889672561405,1.443387266143049,9.086307122336205,2026-02-22 21:03:53.995859,0.521276129754815
10.137705091792748,81.90283667872949,25.491506097154037,0.48915490804603445,9.884153845704253,2026-03-10 21:03:53.995859,0.47383197938891375
8.127095633720476,84.5487880928235,30.236675788534026,0.5197254230225097,12.170798234622517,2026-02-28 21:03:53.995859,0.3676649284066093
8.539457134966522,81.0547585224595,26.80100207333384,4.4815352858541795,6.543586617274368,2026-03-08 21:03:53.995859,0.8455003662656223
8.157145928433671,80.83593118759595,24.46274141250717,1.0401498911218403,13.811260957698606,2026-02-15 21:03:53.995859,0.42526768618639743
11.182052056318902,83.95380510519296,31.75282104112649,1.684520654366052,8.462404141445958,2026-02-25 21:03:53.995859,0.7429319311417582
9.571779905381634,84.01412829046569,31.070287079707406,1.2106163709122415,3.211367519694872,2026-02-11 21:03:53.995859,0.5887628700629628
10.542853455823515,84.64329435973835,31.422018265561704,1.8394818985764931,10.742587654363234,2026-02-17 21:03:53.995859,0.5860205753059601
12.537832369630465,85.2195936691973,31.959262581171483,0.44017682945585757,12.105658906135561,2026-02-26 21:03:53.995859,0.43575151435502846
9.246461145744375,86.84303851650648,25.391161993755897,2.643392975450525,5.434663478945374,2026-03-04 21:03:53.995859,0.8691699100919936
10.051914615178148,83.85595226395778,27.169936151221272,0.43130156160185307,13.000509597982541,2026-02-11 21:03:53.995859,0.5351883524946094
11.777755692715242,82.5992170741181,30.06590780563273,4.021746888329572,13.68600556672073,2026-02-19 21:03:53.995859,0.5126216727202617
9.143990827458111,85.66871026599658,29.568164944430336,1.2451892013611219,4.876662823289325,2026-03-09 21:03:53.995859,0.9246321661417718
8.384899549143965,82.26040963320348,25.23116725071884,2.746058381562102,14.769300618013109,2026-02-25 21:03:53.995859,0.6777774848007261
9.44875726456884,83.35331423458663,30.526664999924943,4.412387529051145,2.9699613926826176,2026-02-15 21:03:53.995859,0.6689011538098456
8.806106436270023,81.00996647872473,25.795524574693285,3.2892991083312517,3.8282193576348593,2026-03-09 21:03:53.995859,0.7408921772109424
12.648488261712865,80.66477983220048,25.790540918580984,2.7114931541015435,3.579147749332366,2026-02-11 21:03:53.995859,0.7510618153007864
12.040601897822086,86.75721469540652,28.295795383147308,1.6892353902653408,13.515855940110185,2026-02-11 21:03:53.995859,0.7591389348083208
11.167018782552118,85.93387078332934,28.743519478733624,1.73170937398517,10.160095732549467,2026-03-07 21:03:53.995859,0.8187604961619231
12.357302950938589,85.02383233960904,28.64068966270249,3.380486080471132,3.1294599651118205,2026-02-22 21:03:53.995859,0.9065619248257217
12.018360384495573,83.15819413869275,24.73189469918204,4.971282869983721,7.164527857156886,2026-03-05 21:03:53.995859,0.6872084937559937
8.93285029443018,81.6264130804605,31.019686901043045,3.3430120302619555,9.614172350977228,2026-02-24 21:03:53.995859,0.6478708476856464
12.46279499244989,81.51684077736206,26.124800340709648,2.8331387451131222,2.168497189851366,2026-03-09 21:03:53.995859,0.9590483604979284
10.696711209578254,82.12657883806988,25.036119370262433,3.6801875001723063,13.353829157702743,2026-02-11 21:03:53.995859,0.6758993141456253
12.037200775820313,84.06997332058978,31.10998463895182,2.3795075001902193,12.250449496181492,2026-02-16 21:03:53.995859,0.5920004791161598
12.480456499617466,85.1448734975504,31.645211985838028,0.39469747874384753,8.072894830072936,2026-02-12 21:03:53.995859,0.3490106091065385
9.59001737485932,84.79128294866526,30.897020938123603,2.855254397801758,14.539772613628386,2026-02-17 21:03:53.995859,0.6653493536052495
8.550259622638384,82.31957033014862,30.476128597799025,4.792363894076363,6.848653709851396,2026-03-04 21:03:53.995859,0.5695282514873014
9.139675812709708,86.70662432431077,29.241935845112174,0.9589844175525323,14.77754446651097,2026-02-23 21:03:53.995859,0.7053498448336394
10.135538943131282,85.29632995852249,28.406858964873116,3.4810239650212624,10.35087998325078,2026-03-05 21:03:53.995859,0.854781244354133
12.090073829612464,84.1033013413241,24.695894079291282,1.0845750744293767,9.88539782555518,2026-03-11 21:03:53.995859,0.5055205211857716
12.303652916281717,84.4761848505233,27.26762570456559,2.7255556539180983,3.32336853414099,2026-03-04 21:03:53.995859,1.0
8.034760652655953,83.22740040578063,26.981508136098512,0.5737146032689262,13.346988616265016,2026-03-08 21:03:53.995859,0.5581318811712908
10.553736512887829,82.11025143175752,26.07803027008261,2.3068175876651074,6.984855630888612,2026-03-03 21:03:53.995859,0.9926587306545593
10.087055015743895,82.8138224112332,29.787360909508678,3.805200311586706,3.271267680954711,2026-03-10 21:03:53.995859,0.9090806562937385
9.110539052353651,85.4259997180184,27.96700588063017,1.8031004687710124,1.1765052796606266,2026-02-16 21:03:53.995859,0.8330058387297812
8.599326836668414,80.59355767609341,24.648369727261183,3.358067449987369,8.836579570937356,2026-03-02 21:03:53.995859,0.76120199417706
9.68807585701814,81.25447216329495,25.76146561559849,3.9977048078696735,8.383594709717467,2026-02-16 21:03:53.995859,0.6533647926567
12.714548519562596,80.7990171731414,29.466070109276767,4.643171315449318,11.07095071316822,2026-02-10 21:03:53.995859,0.6693401041113537
9.616014660103776,80.76473721507331,24.609046875922402,1.2497462010917226,13.46361274224923,2026-02-26 21:03:53.995859,0.46640433579685037
10.59395310871683,86.06049379607154,30.80965531239015,2.05664798746561,2.111692185002413,2026-02-18 21:03:53.995859,0.8180862179645387
11.515094794475889,85.07377608597015,27.961172216111795,0.8468384653190455,11.240950864765074,2026-03-11 21:03:53.995859,0.5722661911286565
9.81814801189647,83.58212988906762,27.844692618613184,4.963169160576038,3.623767217366151,2026-03-02 21:03:53.995859,0.8324352509597457
12.858910413604804,81.1359220442315,28.73926227727614,4.642304742829047,13.014478744200296,2026-02-22 21:03:53.995859,0.7046256547765108
12.812236474710556,83.69550318825941,30.597447727401192,2.745789938374742,12.466889194063185,2026-03-02 21:03:53.995859,0.5401120502145966
9.258911479126821,83.57756651007368,26.782473663217544,4.225963142444464,8.571112569797622,2026-02-28 21:03:53.995859,0.675715675509272
10.486242529461927,81.6258121544151,29.42412922047251,2.652694088633007,10.943399180726361,2026-03-02 21:03:53.995859,0.702018121337805
9.504391549083849,83.32003572004683,28.52585571196633,3.155569871213523,5.400901584572478,2026-02-28 21:03:53.995859,0.987496385321642
9.424202471887337,83.09028077358293,26.13622616135537,0.5367097173684815,7.596350585059405,2026-03-06 21:03:53.995859,0.8315468761346845
8.184434736772664,84.5030256373394,31.029039890841265,3.8008250604343594,12.502916567946603,2026-03-06 21:03:53.995859,0.5103801887174619
11.047821669899484,84.62810873063968,30.379408172855424,0.7257960698126507,7.429712760424994,2026-03-03 21:03:53.995859,0.4932237418992005
10.513395116144308,80.79447606351829,29.267614677267403,4.147731388237389,6.009175714556185,2026-02-26 21:03:53.995859,0.822016907668551
8.257393756249947,82.93498199507206,30.804653832753935,3.9319376295848913,7.918974261504198,2026-03-04 21:03:53.995859,0.8463449473128426
9.393232321183056,84.56808945214253,30.93835360767842,3.572849018940585,12.595489534121057,2026-03-04 21:03:53.995859,0.6281271185605174
12.541329429833269,83.77038568077057,29.66690381372028,0.2771858645713344,5.692912663192218,2026-03-11 21:03:53.995859,0.738188780916371
9.197809453334862,86.06718396772409,30.696106626909376,1.5853289441321103,3.432662303900413,2026-02-19 21:03:53.995859,0.8518137878516752
8.724474360456115,84.78150860552314,29.579771693354267,1.3892515925631301,10.968196284630931,2026-02-19 21:03:53.995859,0.6819262023313805
10.447263801387816,81.5590737760293,29.441126174082402,1.8646683966104438,12.563694977913146,2026-02-13 21:03:53.995859,0.8792081599314439
12.928252270553003,80.9586968581028,28.948891025721473,0.5294494591428089,2.4089246993294666,2026-02-17 21:03:53.995859,0.8186053498277386
9.210276357557502,84.67572530834106,30.021733116461128,4.6910933328522075,4.358237578583227,2026-03-03 21:03:53.995859,0.6105627212178402
11.360677737029393,80.67232351852054,25.268840842344588,2.813630979490644,2.9876078566539146,2026-03-01 21:03:53.995859,0.75428771552684
11.808098076643589,84.30754127827751,31.046966073591427,1.5970691222243156,5.871179762150333,2026-03-01 21:03:53.995859,0.7250712951584771
9.188187719961999,86.61149656926223,30.974748221961857,2.045209433663989,7.304913704675777,2026-02-27 21:03:53.995859,0.7673929451434913
11.641081743059297,84.24058215619321,24.233978264276473,2.291292448473695,11.48356871748629,2026-02-23 21:03:53.995859,0.6999087837438189
9.838915663596266,83.02310452034239,30.606534004518103,3.042912233467025,10.116066188343439,2026-02-27 21:03:53.995859,0.5811502337230123
11.161529152967898,84.6813734198753,25.03095893978756,2.6268291957128396,9.692999944698036,2026-03-09 21:03:53.995859,0.6190976869378213
11.167648553804474,83.47864378819486,26.680950834073137,4.605020668750645,5.933249252535162,2026-02-23 21:03:53.995859,0.9124965768951105
10.678873420373792,84.04650913055357,29.948066050332862,2.5351210662385686,12.78026574318664,2026-03-01 21:03:53.995859,0.8084942006925313
8.451448850272042,86.61952125704741,25.286079168386465,4.961574272634232,7.598020343574304,2026-03-02 21:03:53.995859,0.5899202899053906
12.17651247794619,83.00966714570504,30.543736192952498,4.271982292950969,14.707469132212163,2026-03-05 21:03:53.995859,0.4361379362321732
9.60390032485868,86.74773866485545,30.657073423661934,1.1217015203509457,9.877989936140317,2026-02-24 21:03:53.995859,0.5178939431078687
8.93259255199927,86.38477917271442,28.05974187008669,4.65991655175519,2.7677063819030385,2026-03-03 21:03:53.995859,0.9107659401138437
8.20387570777382,81.77264237613042,24.05108697373467,0.6701953496388329,10.466485869056076,2026-03-11 21:03:53.995859,0.2591342737783809
10.95446471594121,80.95084845568857,26.296305065399302,4.105503571606839,5.5514562160437855,2026-02-13 21:03:53.995859,0.8138039293596621
11.387821809211413,81.15505700895328,28.935415347005936,1.9650541380352426,10.608580753605365,2026-02-22 21:03:53.995859,0.8035192602631045
8.082939144639282,80.61844186673507,31.84948942421939,4.402074170180841,1.9749760742736804,2026-03-08 21:03:53.995859,0.4887693484905687
10.560465291496405,81.11387924491353,29.054508216133346,4.353477781526506,3.448340120463431,2026-03-04 21:03:53.995859,0.8856868094837997
9.13247887598969,84.93954402720632,26.078428648513277,4.049034460576344,12.98032162468101,2026-02-17 21:03:53.995859,0.6563734958549233
11.225863952047249,80.96272621499149,29.072045624796893,3.971149137904601,4.180513798329208,2026-02-27 21:03:53.995859,0.9723420509719162
8.871832145024957,82.57334159690944,28.319883037726843,1.5929277815804,12.718575753401161,2026-02-21 21:03:53.995859,0.8898417253741024
11.45468869051233,85.99168952130145,30.23876316120915,0.4965044869511357,4.909865238361746,2026-03-04 21:03:53.995859,0.5814318998372914
9.933676731502686,80.65126758228287,24.855845110615668,2.0746028759492914,10.000346740821907,2026-02-23 21:03:53.995859,0.5259882744535883
12.683649943683672,85.79404513682809,30.088223220016225,0.9502701234338925,10.718108029137634,2026-02-11 21:03:53.995859,0.4720183394886791
8.687604720729967,82.3320560360271,28.330132629408883,3.505260335622063,8.17716654403074,2026-02-27 21:03:53.995859,0.9311463706401802
9.705331755251292,81.26807137954077,31.703936030871958,1.7958886600351494,5.2743494737542385,2026-03-05 21:03:53.995859,0.8416979394985595
8.567367606202945,85.02879157486697,26.73497732830949,4.880489984213583,3.9770212691953457,2026-02-11 21:03:53.995859,0.7944178458590518
12.623468091392814,84.58812850406925,29.060975145071584,3.240763178992127,1.464650963873967,2026-02-20 21:03:53.995859,0.9694839998080207
12.386696766904905,86.20356808792585,31.45622484408014,4.1301547618083685,5.255249617370133,2026-02-18 21:03:53.995859,0.6497627291493212
9.289708138575778,85.27796178472526,24.820077823925434,0.7493708964350573,10.144279067437962,2026-02-21 21:03:53.995859,0.28680500074805226
11.299920230170894,85.72262604750152,31.49782789789161,4.3238709631358505,14.136267458278757,2026-02-26 21:03:53.995859,0.39603915082562957
12.08611100100608,82.33322472171349,29.503085778406508,4.621510233515632,13.196862751682728,2026-02-24 21:03:53.995859,0.5796469984378161
10.776004057997312,81.6533570345682,24.542696472841374,2.4866034022127863,11.724906871494236,2026-03-06 21:03:53.995859,0.6607036216869869
10.648252891780032,85.37899588566557,26.40770853557453,3.0706393949797897,12.038262805546182,2026-02-26 21:03:53.995859,0.7244060988643698
9.209261454502258,85.74442580523721,29.665376709162253,3.847568024424678,10.309788648663934,2026-03-07 21:03:53.995859,0.7250250514283494
8.465513839029496,86.93828342300438,24.538804811750175,0.9567092735760215,4.644016005924042,2026-03-10 21:03:53.995859,0.7300943229521676
12.486078789766633,83.18201489992427,28.657363681410185,2.5625737746708683,13.700730429881618,2026-03-07 21:03:53.995859,0.768920816889512
12.502090285816653,82.91811755765309,26.767064455623654,2.053448836084334,10.390252366681677,2026-02-27 21:03:53.995859,0.7061715808616145
11.16550728636634,85.54668424482298,28.967324142139816,0.8172325615950207,8.846168833726159,2026-03-03 21:03:53.995859,0.6453790599036822
9.695148955243504,82.71522301164461,24.365936270500104,1.9009186692285043,2.5538525689887352,2026-02-15 21:03:53.995859,0.7284340893407791
9.746047873063304,86.54992261642317,30.97229444921901,0.43404431598891846,7.258777613289956,2026-02-26 21:03:53.995859,0.49767866959513785
11.629778394351197,86.07968288697958,31.787911753419174,0.22647834405248624,7.445015796826969,2026-03-04 21:03:53.995859,0.588029238847681
12.485551299762886,83.28846117793762,31.751022842285533,0.7623148168586316,13.10389053331738,2026-03-05 21:03:53.995859,0.28646525600036565
12.435432121325587,85.38066194064473,29.9972146539434,4.819264046786952,8.653075082629039,2026-02-27 21:03:53.995859,0.6587748782354144
11.899377729288119,85.40452868155043,25.040689921045058,2.792694725885583,6.3256076855857355,2026-02-17 21:03:53.995859,0.852943828295256
8.721867081851528,72.59127272075257,30.06610556743218,4.832528589650778,14.67520459914923,2026-02-18 21:03:53.995859,0.4942110567719829
14.317870346756965,72.97506618661185,24.196695331670412,2.219239603817647,2.5500883065684192,2026-02-15 21:03:53.995859,0.7870648442910473
11.536766607135,72.61953669496862,24.176988412231978,1.627899052117772,6.915677996367225,2026-02-14 21:03:53.995859,0.8098619542960208
13.785202262754192,72.3104588681497,26.58888175319633,2.5800951279171964,1.588345452399674,2026-02-21 21:03:53.995859,0.8373968040652837
10.240347207214281,72.4222255488521,27.909145523237328,2.25360727430126,11.358657690737026,2026-03-06 21:03:53.995859,0.7965000840470722
14.268662599473403,73.61272568811454,30.163259342462347,0.6177569528825452,13.853071730788109,2026-03-10 21:03:53.995859,0.3563345297965491
10.724411751139142,72.72216801442028,29.466363012852042,3.240048941982011,4.9205226137068525,2026-03-09 21:03:53.995859,0.9774474542356192
8.07586356036209,73.27494451366826,27.567221651013988,1.1585870942970382,13.016783475187692,2026-02-20 21:03:53.995859,0.7413144421344326
14.337673834934845,73.761960447992,26.189013330253328,3.135980978999365,5.091055226466569,2026-03-06 21:03:53.995859,0.9032123729962012
8.639006737502935,74.41638190020278,31.97699600126169,3.2859853527509517,13.750782263014813,2026-02-10 21:03:53.995859,0.6564342526182494
10.235195463132904,72.13759248944385,27.409450417887783,0.8449217803303758,11.555466650354976,2026-02-20 21:03:53.995859,0.5848765662482649
14.650433769355635,74.79793639618165,27.611096194637405,0.40061317284227405,12.268694875780142,2026-02-28 21:03:53.995859,0.61450947210744
14.654250028562892,74.19765136321817,25.308990569533353,3.9257317717353555,1.252091778406363,2026-02-18 21:03:53.995859,0.6981823831353443
12.014065216863003,72.28615661182106,30.358476389999435,2.353022076469669,14.479344999036364,2026-03-08 21:03:53.995859,0.6686556181872806
12.422860485188595,75.05752518437372,29.549457806251908,0.38500259797683145,11.173393888984526,2026-02-11 21:03:53.995859,0.4745028651281795
11.13911865384824,75.22305340186135,25.766156902310083,4.974844954131859,5.266515335405867,2026-02-21 21:03:53.995859,0.6717961268199548
10.05247540188645,72.21377285949202,24.65904836492674,0.3831247488821965,12.611525308023857,2026-02-13 21:03:53.995859,0.3552175760524394
10.300651817589412,72.9690717685152,29.443994416597704,3.505672621406911,4.941296777809019,2026-02-13 21:03:53.995859,1.0
12.707629192539269,74.82170447927571,29.236089714249083,4.920026733790727,13.218553753925791,2026-02-27 21:03:53.995859,0.6668581103787352
13.26662170606376,74.6189089163428,26.186076215985675,1.2719825106580356,2.5761254657671184,2026-02-24 21:03:53.995859,0.8681469134266209
13.54105330608094,72.64582356774731,31.606908498003282,0.7970219065672612,10.85160368445114,2026-02-28 21:03:53.995859,0.34091918871521293
13.527326999561877,72.73272263167848,25.208463134247204,0.6947862031699016,8.569778673028745,2026-02-22 21:03:53.995859,0.39176688480146815
8.638442721340832,73.29665235976984,27.458678408340816,1.5860482230812183,2.351482582736171,2026-02-28 21:03:53.995859,0.9964528722504384
11.46094213291807,73.69583044816858,31.54892736134079,0.5951244739521688,4.386513595623746,2026-02-26 21:03:53.995859,0.4786984717536801
8.40291132011651,74.16389170035603,27.357818535408978,3.4915905743012465,1.173656507882407,2026-02-15 21:03:53.995859,0.967302667796617
11.846702176266149,73.2911977384942,29.108207581312683,0.40522981083730725,7.562751516503082,2026-02-25 21:03:53.995859,0.7978821527253197
11.09071350961364,73.61887150646602,27.180755183702352,2.59616842793397,5.217713650640006,2026-03-05 21:03:53.995859,1.0
14.213929279308099,74.61614828346815,26.19372161878936,4.983814583879586,9.377004780168622,2026-02-21 21:03:53.995859,0.6803454764659926
10.456405087864551,72.12839121011709,31.871821183678627,4.088454320579492,5.16132930792064,2026-02-28 21:03:53.995859,0.7358682040353056
8.819469114993241,72.88352930520408,27.274672050520344,3.1145752473319535,5.198867561097786,2026-02-14 21:03:53.995859,1.0
9.000941774369851,74.49672355059593,31.152793629433077,1.6006427418543974,11.404704782242447,2026-02-26 21:03:53.995859,0.6354304824915349
13.330574422022305,75.13322393190519,25.839636847128688,3.157089597829029,1.6739997036969483,2026-03-07 21:03:53.995859,0.7000058372170412
12.327526443213827,73.79087104740483,25.704837632200665,2.682503173167093,13.640529932687821,2026-03-04 21:03:53.995859,0.5633099330535741
8.707858732859531,73.86239719842861,24.24907266307609,2.1878085810628205,12.93169424147654,2026-03-07 21:03:53.995859,0.6632821569930063
8.588747642804982,72.37510203968921,29.21333460300708,0.7404808460269775,10.349265565169691,2026-03-10 21:03:53.995859,0.5553030922959468
12.90678392021384,73.56594328388209,26.94821074979009,4.444360654678287,9.30510198150338,2026-02-10 21:03:53.995859,0.6491783151782571
8.509341044549355,73.86416043259258,30.914865998717097,2.3039447792244805,13.492234973955131,2026-03-09 21:03:53.995859,0.562572632171026
13.753020415032493,72.84864676272156,27.785679253532457,1.053650307921749,3.594622513402002,2026-03-08 21:03:53.995859,0.9470594197090655
12.943695590095473,72.94235130832283,31.745547423317774,1.9020208192987194,2.1055682706716006,2026-03-06 21:03:53.995859,0.8701360521209693
8.569441464493298,73.32049457086617,25.48420412562497,2.129235787391743,4.3531423787335335,2026-03-05 21:03:53.995859,0.8963811396153079
8.593863998596344,72.07024919222204,30.948985343644885,4.154935688277684,12.124095901802663,2026-03-04 21:03:53.995859,0.48559867652081967
14.90647704950823,73.12727707954113,30.212774822333934,3.6947104647508704,1.4853837341707665,2026-02-19 21:03:53.995859,0.6245020146280824
10.619895570292842,72.74006802448791,30.167374757152416,3.8695939788425653,9.159295691168854,2026-02-24 21:03:53.995859,0.6075630099353728
10.594495029468236,73.1462407326227,30.7582658249351,0.15405319570037135,14.936125226678339,2026-03-04 21:03:53.995859,0.29238288812169233
13.68959697080252,72.41916746136738,30.088191927543992,2.139154591080832,12.979745313725552,2026-03-02 21:03:53.995859,0.5039591316694509
14.63074004168701,75.11684548258964,29.009762573051322,2.458586343013086,8.300239646610253,2026-03-02 21:03:53.995859,0.8531364221971879
14.902007446760097,74.07757358743918,25.049959021459102,0.19404215643297779,1.8909727300129928,2026-02-20 21:03:53.995859,0.3682855360999085
13.273647296812591,74.37685811700571,24.260209435930015,1.373084722850668,12.639229201399937,2026-02-22 21:03:53.995859,0.44233109209134047
10.63381709871641,74.76209933512568,31.366782782525494,3.825420133298462,9.385699114480948,2026-02-14 21:03:53.995859,0.7619988863677531
8.584505016890681,73.7445476962517,28.933202516165906,0.7718375580720954,2.6090619588339354,2026-02-10 21:03:53.995859,0.741108041901438
13.440028411492058,72.30422100830599,30.37229832780941,2.7230196441176995,2.3140019875269866,2026-03-05 21:03:53.995859,0.875596899396967
11.908829748150636,73.87987289636492,27.8521788121004,1.154489172884464,13.734775472112293,2026-02-21 21:03:53.995859,0.6811009533231753
10.969554064728834,74.05394391307308,24.938465511699157,0.15939179575507706,10.368803681133098,2026-02-20 21:03:53.995859,0.30442631093227834
14.344480695663151,74.60903815964515,25.001486337620403,1.2818871422377534,12.610015190434577,2026-02-26 21:03:53.995859,0.4311709518518423
8.778382376143059,73.51080841180388,29.48452229783177,4.881781399059264,13.305704603951742,2026-02-13 21:03:53.995859,0.576783907164286
11.448375730036014,72.44653105978448,27.4424471591957,4.02753184822665,9.004812928676511,2026-02-24 21:03:53.995859,0.7016925187192021
8.079475513371934,72.99321567029554,25.604197813602696,4.801925557173064,8.244248924570577,2026-03-06 21:03:53.995859,0.5705081891007069
11.280624493958884,73.27078803739522,27.932756373931497,2.490484815239176,7.025983744493862,2026-03-11 21:03:53.995859,0.914422218585887
8.39412292977286,74.26071034466061,24.513671496601074,0.6377073735197671,5.4372522290756695,2026-02-18 21:03:53.995859,0.4960802816956058
8.831725413876503,73.99772406634119,28.65577121531519,2.7850014959710956,7.084343452021965,2026-03-02 21:03:53.995859,0.9762882082826623
8.822683727439735,73.24633854064245,26.151947235480783,2.3264489393438086,11.83431518022219,2026-03-01 21:03:53.995859,0.8964099074031926
12.544472114812445,75.45280337077543,30.380472805097504,4.237349705424118,9.426928034211842,2026-02-28 21:03:53.995859,0.591972364591776
13.222314154857962,74.1202118677491,26.48289567138859,0.5806046458427985,13.495326059367844,2026-02-28 21:03:53.995859,0.6016973492984208
12.083581355680117,72.83029377107599,27.64176119265441,2.4923815714067135,7.207320201308628,2026-02-21 21:03:53.995859,0.9232381913050892
14.735207839321793,72.3562386541714,24.092964319264805,0.8352384570005229,9.499254102062556,2026-02-14 21:03:53.995859,0.5911991787229983
10.624094056665928,72.53500698714517,24.579575102356472,1.6909120417612942,9.838305743287842,2026-02-19 21:03:53.995859,0.7320537623032031
9.999984603973026,72.86085204934578,27.139948451253478,3.7130496792002186,9.283760272288557,2026-02-26 21:03:53.995859,0.8952205391248657
14.080193897326222,72.56238480640845,27.83951067773699,2.432488833906956,10.836872823197229,2026-02-14 21:03:53.995859,0.8980723563996744
9.56517086963617,72.65298458417956,28.800164384954428,1.94185259721427,4.324068557247288,2026-03-03 21:03:53.995859,0.9650507811849104
14.74255777608428,72.99783309042847,26.333300629674426,2.032933764993173,8.173092885641069,2026-02-25 21:03:53.995859,0.9632544896483703
8.085081322828714,72.60680758353165,29.55985508901234,2.3512891651893346,2.4591472393168674,2026-02-16 21:03:53.995859,1.0
14.789151786953473,75.13867898619249,30.880979177513638,3.946581064801579,6.383158587027376,2026-03-09 21:03:53.995859,0.7022961319498756
8.302119383654032,72.28081810981575,30.2388079111468,4.471214975807149,7.827338960697702,2026-02-18 21:03:53.995859,0.6500233052949622
14.238001795886497,73.83578986349589,24.316950602786857,4.781139963869249,10.131139633636614,2026-02-12 21:03:53.995859,0.5554208466103147
11.693907763604098,73.43638889446382,27.84405557806263,3.955826592650946,14.307434736206849,2026-02-24 21:03:53.995859,0.7206242724816152
14.950753572835103,75.43832515918012,24.8394414273454,1.6454937891652626,9.409114931676982,2026-02-25 21:03:53.995859,0.6845569388766639
8.516575953147791,72.39213615758818,25.93636012690022,3.4718600598240568,11.410314826471836,2026-02-27 21:03:53.995859,0.6957915014082209
11.876979990809247,73.3924945966601,31.89330074613717,2.2442553078714207,8.087724832932839,2026-02-23 21:03:53.995859,0.6860990848211721
14.785117749333693,75.39314651646379,25.139964343212107,1.347886048025651,9.877456439268638,2026-02-12 21:03:53.995859,0.4729630605944312
11.661684909191042,75.02927494062894,27.99110522761085,4.220270739187021,1.993051025872828,2026-02-21 21:03:53.995859,0.7514366460185179
12.405790466946838,74.85975224832248,28.945245874544952,0.28828910991539247,4.561482131785858,2026-02-18 21:03:53.995859,0.6958881147899094
12.87024082289232,72.90265989465729,29.61971976435283,4.518633761463575,6.065943304871942,2026-03-09 21:03:53.995859,0.8639408525788969
11.181787453374412,72.59810655586523,28.477189467895315,2.3612395766611978,7.61490697009119,2026-02-16 21:03:53.995859,0.9148084435824696
12.392906560588443,74.3402512697355,24.07816677935347,3.2222872363605743,1.6390824370333723,2026-02-18 21:03:53.995859,0.696096533842881
12.090200183461702,75.25281596194655,26.611690465951934,3.3308342188083357,2.9603373657464473,2026-02-22 21:03:53.995859,1.0
14.308106073436923,73.94867012554876,28.141693147077692,4.486076929462028,4.875400309078281,2026-02-27 21:03:53.995859,0.9080322737522926
8.318124662390206,74.00064441314466,24.702931993158668,3.2196814426193163,14.601457672614709,2026-02-14 21:03:53.995859,0.6261400942317571
9.966742327145612,72.979926827811,26.805015449673448,3.108274565324303,5.638858099442711,2026-02-22 21:03:53.995859,1.0
14.65288038853591,74.69322526617178,24.26562487033093,0.4265949987473808,7.748574813569156,2026-02-13 21:03:53.995859,0.5929557698496242
14.231846487236414,72.65465311995133,24.628627977240164,2.6401993075315002,3.745367978337501,2026-02-11 21:03:53.995859,0.7287883827144462
11.189597269499991,73.13287732741485,27.175386209612768,0.8358281040035042,9.550920995060755,2026-02-25 21:03:53.995859,0.7540719322517208
12.340928184610757,73.48902753515746,25.06172603234448,3.7134254667352797,4.9295650172236405,2026-02-18 21:03:53.995859,0.7344221205645556
9.94166828086793,73.77663632539559,28.540326786092464,2.6098874119821054,3.897896098137975,2026-02-18 21:03:53.995859,1.0
9.316848118066329,72.84843406345279,29.515719753098125,3.4331161181209318,8.232016798243707,2026-02-15 21:03:53.995859,0.7886668209691208
11.245888834579876,72.40192888658721,30.40469359287266,0.3041972129516829,1.0770811882458915,2026-02-20 21:03:53.995859,0.41607494993815863
10.47346559618237,74.13717014854572,25.60120195395848,0.5154808786244358,1.1072964570891546,2026-03-03 21:03:53.995859,0.46915949553108893
12.085592782956105,73.0102069363409,25.33986065807256,3.6099846015071435,4.066963327426009,2026-03-05 21:03:53.995859,0.7916044423336518
8.544142458754894,74.03433377497915,24.8365427226752,0.45321324639349947,1.514099075011496,2026-03-03 21:03:53.995859,0.34841905064658046
14.820763653663166,72.54026950345971,29.091441996349094,0.4491579660497672,2.5123605578296795,2026-02-10 21:03:53.995859,0.7656758032253415
14.90347521135722,73.68399035649186,29.65180581189521,0.15933152865094852,5.744049090742522,2026-02-13 21:03:53.995859,0.783326381765471
12.887131998138216,73.86406301393055,24.252689158605136,4.786856851667452,12.23619951411738,2026-02-22 21:03:53.995859,0.5007584621981016
11.752674564408842,72.1813823788785,31.489697969949518,3.7137909613491344,9.008681007170212,2026-03-04 21:03:53.995859,0.6496519628925518
10.166693314004295,73.17811497367872,24.41577026921178,1.8309319016601147,8.17734816338983,2026-02-22 21:03:53.995859,0.6877319942057525
13.69656513794864,72.47045136928641,28.330370682408564,1.5530243483095107,5.108843524913703,2026-02-22 21:03:53.995859,0.9901372949877826
12.793118207877155,72.22181239665468,29.672484155607332,1.813545825754663,14.04455207205943,2026-02-11 21:03:53.995859,0.8344112077504507
9.138318575414239,75.46486081336481,30.967752989968684,3.8958023027877915,6.558210577320684,2026-02-18 21:03:53.995859,0.8167113934649638
14.376490291456896,73.12823845741153,29.71269545705942,3.340715994245031,2.219298735140801,2026-03-05 21:03:53.995859,1.0
13.757760700462182,74.83456056049123,30.413824664558334,1.0074582825505929,9.638931225649218,2026-02-17 21:03:53.995859,0.48490487336764976
14.648599393043469,72.89124229167318,26.715601540342448,0.9531357431370133,2.5937375086724197,2026-02-16 21:03:53.995859,0.7604037035496467
13.08003655871852,74.38525952778375,30.518600909972097,0.5821386835956469,5.833123999223689,2026-02-13 21:03:53.995859,0.4898163350622858
12.293906371550529,74.6607975096139,24.640918771077402,3.3354833265365573,8.103767142049325,2026-02-27 21:03:53.995859,0.5984132082848338
10.927701254034332,74.08473559212746,31.158533248484222,3.8454260448865063,13.239115345592461,2026-02-12 21:03:53.995859,0.5898169490021894
14.529099383478092,73.65051665992556,28.38073900922989,1.39872749879252,7.909652124761662,2026-03-09 21:03:53.995859,0.8824516301523689
14.062447226502858,73.44144319951543,30.53838215969995,0.20263030905147278,10.8316227244433,2026-02-15 21:03:53.995859,0.2976170017369616
8.316530690743326,73.22103893290048,27.6185462761464,0.502641170634494,14.899435745986985,2026-02-21 21:03:53.995859,0.6428114191934375
8.184568821480765,75.2533520048674,29.1486215615722,4.84251417074065,2.840847678571743,2026-02-21 21:03:53.995859,0.7613364258447776
10.635243568146347,74.90716792725705,28.211221287488904,1.5476794096393596,4.846241357273273,2026-03-02 21:03:53.995859,1.0
13.67387331547283,75.37759418733279,29.852716174042655,3.869193424406855,6.52406505836705,2026-03-09 21:03:53.995859,1.0
14.91093290520461,72.43504028219941,24.653039856244717,3.1608514873858926,6.905594499543639,2026-02-17 21:03:53.995859,0.7747109602095364
9.052918237724697,74.55803616321276,24.48281667192451,1.9715042342991902,6.754295053717641,2026-03-03 21:03:53.995859,0.7100977888824817
12.158915007464946,75.28419159887363,25.97682587208117,1.1078675847582202,13.706554035791768,2026-03-03 21:03:53.995859,0.4854973143568559
10.66623599641715,72.6343157315798,25.276357440905507,0.6947934489810915,10.99645702253599,2026-02-10 21:03:53.995859,0.3321227025731296
14.789400784702222,72.23273693578372,30.974268532737614,3.113563543390447,9.510672997269852,2026-02-13 21:03:53.995859,0.7622534278826438
13.89483246194996,74.5939222725152,25.753711898864353,3.8957055251251616,5.331218050078949,2026-03-02 21:03:53.995859,0.8083980149779533
13.868300932977965,74.01065589612969,31.80692204655305,3.255130842351541,12.533065379098126,2026-03-09 21:03:53.995859,0.6879303022587018
11.280852118564791,74.94640071865395,26.695166334168853,2.698480452920876,14.370847160789845,2026-02-20 21:03:53.995859,0.7440967386946609
10.903736516363656,72.48920331819201,25.456943325509595,0.30556099481501775,12.496775955703171,2026-02-12 21:03:53.995859,0.4001451820728206
9.913849503514944,74.78343559150962,30.317588057139833,4.845595010212481,1.0219114726806207,2026-02-22 21:03:53.995859,0.5584498041697452
8.39462847655649,72.7056956201671,29.26966220400701,4.0136995391074155,9.909619182567699,2026-03-06 21:03:53.995859,0.7828816459662624
14.053056633785372,72.57279580002997,27.985565731625112,1.5348279798347275,1.7158953401894101,2026-02-26 21:03:53.995859,0.8179335727945074
13.690307063910543,72.57493029275848,28.44290840750105,4.901854613858368,4.6065010846721055,2026-03-03 21:03:53.995859,0.8929989032475547
14.998023713002915,74.85101152080983,29.75361422617811,3.0492197892179784,1.8333458048688036,2026-03-03 21:03:53.995859,0.8746080786113738
14.976457859517337,74.3281902724367,25.82763793065039,2.9538710252155083,9.453136341291428,2026-02-19 21:03:53.995859,0.7235649949812633
11.888021939218392,73.83072898669192,31.970671328453935,3.7655585792047077,10.612258788896495,2026-03-02 21:03:53.995859,0.5654089288303636
13.382911906263573,73.25590669443226,31.798345297174265,4.077671961641674,2.602826932922672,2026-02-21 21:03:53.995859,0.7380114050930505
14.613360109176996,75.07020189284587,29.202605490775497,3.316745175924363,6.373744362629713,2026-02-24 21:03:53.995859,0.9168602629222701
13.94753173474188,73.37355787597923,25.596339607433162,0.7276691571943802,7.387311125377588,2026-03-02 21:03:53.995859,0.6164378637582375
9.731436712202385,74.85809803815052,29.441825939450332,1.7575107793730425,6.166742304652832,2026-02-19 21:03:53.995859,1.0
11.153808947170655,73.53697217999576,24.57758727183341,4.647609837597644,2.6943500067927024,2026-02-23 21:03:53.995859,0.7234504622733643
8.904115906060465,73.31930550298718,24.24522001764645,1.2006164980348746,6.865269062624655,2026-02-22 21:03:53.995859,0.6625452788523553
14.678357190811056,73.61937924984362,26.06146310808971,1.9236184168038155,11.516492669317854,2026-02-14 21:03:53.995859,0.7876769960061523
12.24322244115616,73.0548225595745,27.70098365391453,2.2171767264265605,1.9941073034655765,2026-02-15 21:03:53.995859,0.9742524573049753
9.600499638524239,74.61663283061688,30.946180043267045,2.253084449502816,2.122520197146648,2026-03-05 21:03:53.995859,0.7458343902428325
12.701904790840997,73.75952136532368,29.817352558130466,3.1034039542231753,5.966798085703779,2026-02-11 21:03:53.995859,1.0
12.32689768320527,72.81274443301386,29.94165216959985,4.721071604949067,14.18415996266495,2026-03-03 21:03:53.995859,0.6941351050764651
10.507139026229883,75.14851100646099,27.403946675584603,1.2793942879792746,10.360017054120796,2026-02-26 21:03:53.995859,0.7001735271722864
8.794903145397402,73.34361927480624,26.767479940375704,0.6953567438744985,10.501379393415908,2026-02-13 21:03:53.995859,0.4958049331477158
12.701012369149598,73.90243501389897,26.96831010387682,1.067605400313693,6.06687987173011,2026-02-23 21:03:53.995859,0.8907988184679603
11.642153906326552,75.17265238837591,31.901196509888464,4.445932011025421,9.311251076919538,2026-02-19 21:03:53.995859,0.5986739132962675
13.406228742149475,74.18483298569897,24.32087353129986,3.26447298201051,1.1418365763884073,2026-02-12 21:03:53.995859,0.5850037153642225
11.641144507783954,72.40914314247928,30.93625196897959,1.5009432672718848,9.90534464973359,2026-03-06 21:03:53.995859,0.7573042586650633
13.965270502229782,75.28941243264717,28.629403268579146,4.098140000946224,13.786017266067315,2026-02-12 21:03:53.995859,0.5659008110290412
11.863347871421398,74.19697818574997,27.508923353516725,4.3207129821808365,9.576028556827469,2026-02-24 21:03:53.995859,0.7061942064976788
11.926565800747703,73.1721696512998,29.80206128332109,4.247920259582362,13.23178030852883,2026-02-15 21:03:53.995859,0.5631626392465925
14.136575218608415,72.48745225432185,27.893351531397624,4.602740014833817,11.135622776525313,2026-02-26 21:03:53.995859,0.5754290337079164
10.824380063486778,74.77908816244603,30.987385904653284,1.335980998849472,2.6878178296516637,2026-02-21 21:03:53.995859,0.7422336570360158
8.938106599154485,74.1702546457498,31.20561491209007,3.799705450856764,13.634346302001784,2026-03-03 21:03:53.995859,0.5709721661492296
8.201478734193373,73.86711382191713,27.373767414987643,2.3566435366432863,1.9302138209808484,2026-03-01 21:03:53.995859,0.8599543060850106
13.285960789715332,75.12862404067835,26.214622377880413,4.225792909161301,8.475544615668692,2026-03-05 21:03:53.995859,0.6780688762765105
12.342166859474252,74.76009023928586,28.738802628746896,3.669604318091905,2.9899197331084073,2026-03-10 21:03:53.995859,1.0
12.928558376694564,72.53086207906463,31.298906764933527,3.904592487848651,1.163892550232657,2026-02-20 21:03:53.995859,0.6939606429355579
9.490749130562374,73.09102723728442,25.68529751204533,3.315193004637251,6.908479641786946,2026-03-06 21:03:53.995859,0.7744400783650439
8.954600329107388,72.86971198935063,28.983732668507862,0.9694009704015637,5.130569907158187,2026-02-13 21:03:53.995859,0.8266069743610797
8.101812659675174,74.60381202400437,29.052481760740164,2.770631902594998,7.804006913166442,2026-03-07 21:03:53.995859,1.0
10.45411291164618,72.11736352157523,29.86490417932225,4.92488172367009,9.080798414283711,2026-03-09 21:03:53.995859,0.7116568479284403
12.12942380798243,73.9946138970496,25.05254148101808,4.693201525835883,1.612347012325263,2026-03-07 21:03:53.995859,0.5337001984308817
10.745708315698126,74.66860540009242,29.726599717456708,0.3115513054053572,2.722046131732439,2026-02-15 21:03:53.995859,0.7116609524849862
11.062324454166102,75.06867972866613,31.27226016532513,0.907592597074242,8.820993550305955,2026-02-10 21:03:53.995859,0.5923539006714256
14.32911086145624,73.19728612050568,25.437464870961936,0.7454709899273534,5.804342944417215,2026-03-01 21:03:53.995859,0.5344896313798183
10.437788269163102,74.87440056635205,25.90034659939102,3.6573015589279483,11.208428825692272,2026-03-04 21:03:53.995859,0.602722209308865
11.597926424118675,72.38721107934323,31.771160752333117,4.10714811629903,10.132083080287156,2026-03-09 21:03:53.995859,0.4106714340119323
13.485571089188001,74.96258302107081,25.447815621675918,1.1462056949222925,12.838461081858696,2026-02-25 21:03:53.995859,0.5575319184682503
10.775799476248892,72.44621031816195,30.835080746956635,2.5786781954639624,10.694899573369154,2026-02-24 21:03:53.995859,0.5582991481847447
12.354606901595115,73.39050551696128,27.93822285158428,4.21944483725488,7.019035083462073,2026-02-26 21:03:53.995859,0.9141485061811103
14.036545961227215,74.79053378022844,25.977848595225417,3.690727569354628,10.421532713522053,2026-02-17 21:03:53.995859,0.5854991300713519
14.646644365603494,72.52471099572071,30.96599921018009,2.756962306910057,4.85533643957586,2026-03-09 21:03:53.995859,0.741243481016828
9.029514366503266,72.80237988331425,27.562442040021324,2.9927036832479876,5.288388982894977,2026-03-07 21:03:53.995859,1.0
14.486113376130461,74.52788398937574,28.118538831437522,2.590966679889772,12.045792238891107,2026-02-21 21:03:53.995859,0.7667213578058086
11.444814051556767,74.52012787791126,26.873866955198125,1.557987411462221,7.249873229622151,2026-03-08 21:03:53.995859,1.0
9.807710718092709,74.24401671509854,28.74360681147942,2.868607765009179,12.177324767256934,2026-03-03 21:03:53.995859,0.8830514369835647
11.213950293667828,74.42881955563485,25.30819098068018,3.475537980045445,12.513913231355899,2026-03-02 21:03:53.995859,0.6719647670782553
14.860228026998339,73.89953555171658,27.128652293214085,4.379282287717958,13.005872727257973,2026-02-19 21:03:53.995859,0.5670015829613612
11.448326657950087,72.88129670617434,31.7552985786823,3.217827634498316,13.832893301776902,2026-03-08 21:03:53.995859,0.6574746690010213
10.301261272012557,73.20993597726371,26.06506746160902,3.8294955315114745,7.033793087186147,2026-02-24 21:03:53.995859,0.9822678932998288
12.43380598021708,72.63559200880499,29.253893316330338,0.8843510112774077,5.464135456495944,2026-03-11 21:03:53.995859,0.934744584036445
9.681019331447352,75.1795769646677,26.60152051379756,2.3616316246569706,9.150782452317594,2026-02-18 21:03:53.995859,0.9025908525369477
8.531043296760647,74.04187128168142,30.187785005492806,0.14572493715275717,6.196413928126786,2026-02-11 21:03:53.995859,0.6217286268287916
8.902158053374544,73.40297995867274,25.046989285746797,1.308726436155953,9.415038335203262,2026-02-14 21:03:53.995859,0.5348863539733671
8.896320872704408,73.61702031275446,31.75856836062836,3.6596624040537242,10.878202077013544,2026-02-15 21:03:53.995859,0.6070051009197867
9.063318854586061,75.31549168864136,27.630316331069114,4.959868761611881,10.637670258889916,2026-02-16 21:03:53.995859,0.5888775264267334
8.97179020854587,72.53672991090627,25.88840370677171,0.585972687977358,6.243740418281699,2026-03-02 21:03:53.995859,0.611797471737871
12.486123213622502,74.05180441205879,24.5879739786401,2.0673221477203128,3.3360428237825395,2026-03-06 21:03:53.995859,0.7838779223333944
9.273160590794014,73.77061037609563,25.358063240700325,4.020347746625882,7.0274107384709055,2026-02-10 21:03:53.995859,0.6600160236543166
10.419670983267043,74.14008982402127,28.15819158844814,1.0997746096816043,2.9963180171467223,2026-03-04 21:03:53.995859,0.9170195428191416
14.277518869342082,72.06338564337294,26.69602541145029,2.819916251581203,13.461358492573316,2026-03-07 21:03:53.995859,0.8197690800158879
11.317731481840106,75.05243368130454,30.631066927060875,3.692049350545407,5.842284450330004,2026-02-16 21:03:53.995859,0.7402197454885335
12.67290416964719,75.26241398869264,27.447100189294446,3.1183287062748777,3.162436461126533,2026-03-01 21:03:53.995859,1.0
9.206239098411409,73.97796614256224,25.98971418070104,1.0213211996155391,1.3562686386805123,2026-03-06 21:03:53.995859,0.5165265715959312
9.346023131660695,74.43827788356913,28.93715989283224,1.8413843865601234,10.041513408010779,2026-03-11 21:03:53.995859,0.7939051084087726
8.286080313865352,75.22874783412054,29.654217735083567,3.940579743978447,9.916632444366405,2026-02-21 21:03:53.995859,0.7806622548805335
8.121715902940196,76.83154502058412,25.336335263207598,2.8157099192468817,5.768458332138083,2026-02-25 21:03:53.995859,0.7420058699032563
6.457617128742784,76.10612881549528,25.34095373030654,0.1256251063602724,2.003966443867114,2026-02-25 21:03:53.995859,0.5112076162762056
7.728865080500439,76.72574174035918,24.293371415468343,3.8288547241376603,6.734804528533248,2026-02-20 21:03:53.995859,0.8425920015717612
7.8201451391485675,78.33216624387877,29.891216120525122,0.2730256392071715,5.35704493088751,2026-03-02 21:03:53.995859,0.6572984946596231
7.272392013907158,77.68569820236999,29.31043622097444,3.754095535383038,10.479688956290131,2026-02-13 21:03:53.995859,0.7817554522458264
8.209332706874168,79.5706868443079,27.79704700599851,1.0921547448096633,9.480909492337664,2026-02-22 21:03:53.995859,0.8198053740851465
8.803101044307045,79.26977424695376,30.753363591753576,4.794560052584963,6.10431219476556,2026-02-16 21:03:53.995859,0.5823761233098248
8.776705538720329,77.36726940679151,30.445361223600425,1.9029096813802142,4.050495759569861,2026-02-13 21:03:53.995859,0.8032848776437223
7.352518114212396,77.03769373372516,28.682834915174016,1.7019649200565878,14.832503526178286,2026-02-24 21:03:53.995859,0.8573044764781694
6.339714137522265,77.51876963266906,30.94617024410607,0.829551446628979,7.356022696745608,2026-02-28 21:03:53.995859,0.7485062615040234
8.954523596887004,78.36117977005924,25.646729680294147,1.5974606559020532,10.635839300923319,2026-02-18 21:03:53.995859,0.6493553279067437
8.516694259337802,77.07225456329151,24.895356955181825,4.395588732958183,2.967741546097051,2026-02-20 21:03:53.995859,0.7041131097288813
6.373988043609801,78.49659563139653,26.157996892135916,4.982038254373512,7.798255795231569,2026-02-17 21:03:53.995859,0.9252976180391524
8.762525647852117,77.63764660876497,24.45669484871452,1.9047166994835572,1.3855140781725168,2026-02-10 21:03:53.995859,0.6642402441955088
8.609689086186386,78.20818872340791,28.249356224008256,2.298192091677259,8.0763716507463,2026-03-04 21:03:53.995859,0.9361689065235667
7.5565141713782165,77.74450611654126,31.492845538359692,3.638147597193412,14.496243699647833,2026-03-06 21:03:53.995859,0.5015928809490903
7.7738263072347875,77.17786303816767,24.314748325348077,4.442359324278865,6.378893981801204,2026-03-05 21:03:53.995859,0.744912211075361
7.197008111610391,79.79381322784863,24.976879312080214,3.0059172375152428,1.5459441760487622,2026-02-17 21:03:53.995859,0.6636613019034351
6.164284916466094,79.05442317663905,27.617592226267483,2.018475921071364,1.4333810728708094,2026-02-22 21:03:53.995859,0.8856760375731495
7.005591724937703,76.5604527030658,31.47100014022324,2.1218470201582567,6.431814639256173,2026-03-03 21:03:53.995859,0.7509764497829765
8.408560345794035,79.47387190359166,26.529248839814002,3.508528917834354,3.2403491104847166,2026-03-08 21:03:53.995859,1.0
6.013896069013809,77.94972479299805,28.057878469507138,0.11576949166096555,1.3269293485946028,2026-02-13 21:03:53.995859,0.5453271612950498
7.000497515073432,79.57820890757637,24.332582872403137,3.1359877535532195,11.586990595302476,2026-02-17 21:03:53.995859,0.6745271605093671
7.19450608077283,79.19942102378926,25.18674560769671,1.8419157511626514,7.419322124346469,2026-02-12 21:03:53.995859,0.8656233658012686
7.612186808813769,77.70085401787694,31.893040983670776,3.991566923257713,5.049426807617163,2026-03-10 21:03:53.995859,0.7432120232489533
8.759566849238281,76.08987723328048,31.720949571488365,0.5556541351333476,13.60116456223073,2026-02-18 21:03:53.995859,0.41686487965705243
7.0390379830978835,77.07470943753978,24.039519847475276,2.9821911080471137,2.6259454428073585,2026-03-10 21:03:53.995859,0.8572715466122963
7.0408596056886825,78.16653685864347,31.614494283385913,2.4567671604420065,14.38286360537447,2026-02-11 21:03:53.995859,0.6264433195507899
8.212503744329245,78.5339128793046,29.112959502524003,3.247395076935615,5.3955340432829395,2026-02-11 21:03:53.995859,0.9747040353799376
7.356653822669422,77.03155074173281,30.943346356160177,0.41778261296654495,13.437651412321538,2026-03-09 21:03:53.995859,0.30929975083637357
6.673814468819946,76.5574242962913,27.63791884507087,2.9419205583978436,9.44120027071246,2026-02-22 21:03:53.995859,0.82135671805787
7.35731854839808,79.3397209471972,28.124768228634004,2.8512744810016666,12.573903036380825,2026-02-24 21:03:53.995859,0.7637217925527214
6.4225710611394,79.9376087228142,27.910772642055363,2.847234462639238,14.776184284946499,2026-03-09 21:03:53.995859,0.8807116886865061
6.52916095951867,78.10276072921074,29.334914060368835,3.0570895663226287,5.03767612946244,2026-03-04 21:03:53.995859,0.9155281551977562
7.4951033182184394,76.68671714339321,25.1172100380505,3.414692892409175,14.455896795706302,2026-02-21 21:03:53.995859,0.6657742552505919
7.256776348513643,77.08922930607747,24.239788718981423,4.044446098435772,6.4527465286338845,2026-03-07 21:03:53.995859,0.6297780150083647
8.744537703204301,76.07356270618986,26.463439532729527,1.4221215286282505,6.397166666316912,2026-02-13 21:03:53.995859,0.8643198792022716
7.0871816973499,79.657195226242,29.637446101893175,4.142742109882304,5.76541945956308,2026-03-07 21:03:53.995859,0.9188971267296981
7.741765050834131,76.47100433156056,25.614827616983586,2.541452843090923,8.579706502866193,2026-02-17 21:03:53.995859,0.7518753094045943
7.896792863758591,78.30606590205701,29.38745946659934,0.4775855677582227,3.158030604498819,2026-02-18 21:03:53.995859,0.7239562840145294
6.039283369765001,77.09622088274882,31.759296368858163,0.3868995532954981,8.751960795012156,2026-03-04 21:03:53.995859,0.42236869625502205
7.990612116050132,78.21671201006318,24.751205726315348,1.7377677616106981,8.583867373740055,2026-02-14 21:03:53.995859,0.6579032129633585
6.534107900609254,78.60568155340745,29.38081694580101,3.9459951878461914,11.666625376468179,2026-03-05 21:03:53.995859,0.7026502067007822
8.883210952408366,79.3189672148288,27.55000175443657,3.5676365802304875,12.671099467126197,2026-03-01 21:03:53.995859,0.7591885777717313
6.445988183259339,76.82568508704242,30.945138035020044,3.964213326894792,7.166178904373936,2026-02-27 21:03:53.995859,0.7918378467465124
7.243872371181071,76.04398331463392,25.417198315579085,2.634618376563886,5.232665490920913,2026-02-20 21:03:53.995859,0.782218721776088
6.256049004235932,76.54754252027523,29.541007617809317,2.256975089981904,4.630688562439323,2026-02-24 21:03:53.995859,1.0
8.990622755537842,79.60007456739243,30.70492231718488,0.8225173808607914,3.724733713868207,2026-03-09 21:03:53.995859,0.6369607234442207
7.506585030993728,79.49556031025006,31.556913755792188,1.7081444926856268,1.8070661507863484,2026-03-03 21:03:53.995859,0.6728752897941341
7.786155051960131,78.38965240868123,29.46598422631717,2.226694894251989,5.794271703685987,2026-02-18 21:03:53.995859,0.9859217184264727
6.201229432165283,78.40206744173462,27.97739811206742,0.5341421054301245,4.783467689830966,2026-02-26 21:03:53.995859,0.8031252297788741
8.249881411197533,78.66014669818502,28.94277792160971,1.1809985682849353,14.529843402129703,2026-03-08 21:03:53.995859,0.7325944797973926
6.629716779286757,76.70148511449379,30.951239875829746,3.0313039409123204,8.807923567500616,2026-03-07 21:03:53.995859,0.6813778158015029
8.694162868322142,79.65764778369984,28.564877973110637,3.7047492597720306,5.861878546427105,2026-02-21 21:03:53.995859,1.0
6.615418921446022,77.67508209956829,24.243096477574696,4.991902805825453,9.126546413911743,2026-02-16 21:03:53.995859,0.49435733640397017
6.572063161991,77.53255411299799,31.44758956405582,4.672255323583433,2.9487538188397373,2026-02-19 21:03:53.995859,0.6682739220314537
6.109649003544285,78.07567082113135,29.51621400825249,3.2485694777224388,7.21661248883084,2026-03-06 21:03:53.995859,0.9690459907339944
7.416200835329998,76.18786386710022,29.412107086217972,2.164115461140953,9.767280499894893,2026-03-07 21:03:53.995859,0.8578401851143661
7.694523399787849,76.66513347502432,25.725401219181737,3.2172690870703406,7.844569645094319,2026-03-06 21:03:53.995859,0.8464827729625337
6.197125918285057,78.95213446570548,29.271083761861256,3.9496929285931373,6.624903209160539,2026-02-19 21:03:53.995859,1.0
8.326582850085032,76.3311946717005,27.150915245233268,0.6798473355245979,14.913877444595775,2026-03-08 21:03:53.995859,0.47929907821755313
7.359866504244083,78.41260843786556,29.209863816331936,2.1085339595118127,13.324406670084977,2026-02-22 21:03:53.995859,0.8269278512974761
7.57317080798274,76.98139643872528,24.852744242463928,4.215031199614525,9.727683414232162,2026-02-28 21:03:53.995859,0.5514287615155598
7.322288240814684,77.55718245616791,29.26276243682429,1.980781464471916,8.97128305655196,2026-02-20 21:03:53.995859,0.7986830078351863
7.202289182625978,77.1547749470828,31.99530980616533,2.9021741290132144,9.689246717544176,2026-02-22 21:03:53.995859,0.6173788660880218
7.678920993924653,77.42269086585979,24.385696310884448,2.9800698682247715,3.8183695095140653,2026-03-02 21:03:53.995859,0.7622004989465361
6.465720737792138,78.87618362073698,31.817393473770537,1.003933640354833,6.5319284057004605,2026-02-17 21:03:53.995859,0.5933862141635003
6.545784391485814,77.1884868624927,27.255263685782964,1.8749536640962132,1.5524334604725905,2026-02-17 21:03:53.995859,0.8237458965048684
8.585356863040552,78.2656185611876,30.966027602698073,1.7391053148354678,7.657644524815574,2026-02-13 21:03:53.995859,0.7535201597723415
8.838346386400898,77.9042016087964,30.25908387246619,0.2283638718071175,8.602344175407286,2026-02-24 21:03:53.995859,0.3971347666078119
7.119927948839258,78.65468466145059,28.53613008789334,0.21853964306764073,4.188496305444934,2026-03-09 21:03:53.995859,0.8048780905602317
6.812234019430662,79.74731895729903,29.907593674010613,4.17531551401129,14.496403860317193,2026-02-20 21:03:53.995859,0.6743824407701202
7.9319986297170475,78.930288388841,31.028124490410782,1.438046968866781,13.732364553121387,2026-02-20 21:03:53.995859,0.5572493343902803
7.2262025132942895,76.85976151436303,27.233122573208263,2.6385859545701957,11.110005296382681,2026-02-10 21:03:53.995859,0.7829471653934943
6.076159066981035,76.12473254024513,26.616265292505908,1.5637553105849882,8.467412802715076,2026-02-26 21:03:53.995859,0.925773014767385
6.468457792098571,77.0490561771993,29.340747084508678,4.7093283010651685,13.17956823506759,2026-02-24 21:03:53.995859,0.7342936842753068
8.147916686542192,78.38031172280103,30.46276753553007,1.3705541184422916,2.8291328135284806,2026-03-01 21:03:53.995859,0.6957956986076084
7.976771825730454,76.205703253937,30.098281078212928,2.2053183824207823,12.06713711984839,2026-02-15 21:03:53.995859,0.5823729480834993
6.081287977510451,77.98546498880495,30.382509190869076,4.376378227374549,2.747491395535876,2026-03-05 21:03:53.995859,0.7107189261491507
6.665916485798848,78.38737139566756,27.484666518503463,4.225474477279862,12.118949275691676,2026-03-03 21:03:53.995859,0.600733427554537
6.6932243897642145,77.33697556326784,30.54267372940017,1.011896947446759,4.860745955518997,2026-03-09 21:03:53.995859,0.6255104330360265
8.015678230796185,79.08364881498329,24.96167244296487,4.032952217998981,13.279268134254645,2026-03-06 21:03:53.995859,0.4693370510198578
6.059131613263093,76.42639301253509,28.355912783686797,2.3451157450156743,14.21658931355557,2026-02-24 21:03:53.995859,0.8150818774572297
6.312325745953721,76.30055112694323,24.046069283984973,2.466547473218241,3.083143571671619,2026-02-18 21:03:53.995859,0.704428295094526
8.399748256119569,78.91275502481442,26.59668663920216,0.7540518648381246,7.47745847091551,2026-02-23 21:03:53.995859,0.8440228377512018
6.535633986163001,77.9819652648248,26.931692278971184,0.4949474174099109,14.733823294277592,2026-02-27 21:03:53.995859,0.594325454243478
7.958238323555625,78.75360958571095,27.16938153287404,3.6669026041714496,7.767704103624053,2026-03-07 21:03:53.995859,0.9991407500463783
6.71454834314018,77.73930935441498,29.5637376535189,2.532659646540969,13.089665315203632,2026-02-26 21:03:53.995859,0.8866254468816617
6.298324178278035,76.98560813295643,27.108464810162765,2.24056844281438,9.242241309838478,2026-02-27 21:03:53.995859,0.8628191130501657
6.729516572998362,79.2764092706968,27.589548980980247,3.6745903203967445,6.254618710874426,2026-02-14 21:03:53.995859,1.0
8.166800795566978,79.19766351587592,25.90035304699462,3.851013205056438,5.000969777362183,2026-03-01 21:03:53.995859,0.8024569514486971
8.567089404318857,78.77878588341771,26.98601433303472,0.8786500215798325,3.845123275205222,2026-03-01 21:03:53.995859,0.7828571539995959
8.490659593700975,77.08858054891985,25.81815701810521,3.0901032324404425,11.66517467928776,2026-02-18 21:03:53.995859,0.6529601944918555
7.191550588855364,78.36092266747634,24.58556739014755,0.7632350031606591,6.41156709552239,2026-02-20 21:03:53.995859,0.5907795450155681
8.004255409711938,77.44389558776011,28.827588747051024,3.7817379215423244,8.157856470810517,2026-03-05 21:03:53.995859,0.9295973442611174
6.614952886247463,76.36632829330654,29.34570238844013,3.319080265708984,7.892556720016547,2026-03-03 21:03:53.995859,1.0
6.879443190783039,79.66925430184897,28.955922768076917,4.787411643308944,9.081906409263837,2026-02-10 21:03:53.995859,0.7902978605302036
8.68900745556336,76.54727452367584,27.70795235040458,0.4378942801464638,13.11808003874373,2026-02-27 21:03:53.995859,0.5772673204433294
6.039005770532208,79.80094941528321,27.038286241433838,0.37956813364114617,14.730350810168012,2026-02-15 21:03:53.995859,0.6264617804721683
6.2565255925634045,77.78402309183183,30.9066691965746,1.4827166659966808,6.706178920033437,2026-03-08 21:03:53.995859,0.6946492878709063
